Calmoliver Body Wash,Bath Toiletries,CO0002BT0002,4.65,100,465
Calmoliver Body Wash,Bath Toiletries,CO0002BT0002,4.65,100,465
Calmoliver Body Wash,Bath Toiletries,CO0002BT0002,4.65,100,465
Calmoliver Body Wash,Bath Toiletries,CO0002BT0002,4.65,100,465
Calmoliver Body Wash,Bath Toiletries,CO0002BT0002,4.65,100,465
Calmoliver Body Wash,Bath Toiletries,CO0002BT0002,4.65,100,465
Calmoliver Body Wash,Bath Toiletries,CO0002BT0002,4.65,100,465
Calmoliver Body Wash,Bath Toiletries,CO0002BT0002,4.65,100,465
Calmoliver Body Wash,Bath Toiletries,CO0002BT0002,4.65,1000,4650
Calmoliver Body Wash,Bath Toiletries,CO0002BT0002,4.65,100,465
Calmoliver Body Wash,Bath Toiletries,CO0002BT0002,4.65,1000,4650
Calmoliver Body Wash,Bath Toiletries,CO0002BT0002,4.65,1000,4650
Calmoliver Body Wash,Bath Toiletries,CO0002BT0002,4.65,1000,4650
Calmoliver Body Wash,Bath Toiletries,CO0002BT0002,4.65,1000,4650
Calmoliver Body Wash,Bath Toiletries,CO0002BT0002,4.65,100,465
